NAME	SYMBOL	RANK IN GENE LIST	RANK METRIC SCORE	RUNNING ES	CORE ENRICHMENT	
row_0	IGFBP2	6	20.91400146484375	0.024435002	Yes	
row_1	DPYSL3	26	17.178466796875	0.043558747	Yes	
row_2	MMP2	30	16.069778442382812	0.062442318	Yes	
row_3	THY1	31	16.01511573791504	0.08146282	Yes	
row_4	MXRA5	35	15.639595031738281	0.099835485	Yes	
row_5	FBLN2	52	14.616923332214355	0.11611884	Yes	
row_6	FSTL1	58	13.957409858703613	0.13235906	Yes	
row_7	ECM2	61	13.827342987060547	0.14864667	Yes	
row_8	CXCL12	62	13.806325912475586	0.16504389	Yes	
row_9	POSTN	71	13.585482597351074	0.18064053	Yes	
row_10	THBS2	73	13.514458656311035	0.19662382	Yes	
row_11	GADD45A	74	13.49972915649414	0.2126569	Yes	
row_12	COL1A1	83	12.880568504333496	0.22741635	Yes	
row_13	CTHRC1	95	12.599111557006836	0.24163966	Yes	
row_14	COL16A1	100	12.523862838745117	0.2562446	Yes	
row_15	COL1A2	102	12.5150785446167	0.27104098	Yes	
row_16	SFRP4	110	12.346834182739258	0.28523383	Yes	
row_17	COL3A1	116	12.256574630737305	0.29945403	Yes	
row_18	FBN1	123	12.09029483795166	0.31340948	Yes	
row_19	GEM	137	11.590883255004883	0.32630077	Yes	
row_20	HTRA1	140	11.52607536315918	0.33985525	Yes	
row_21	COL5A2	146	11.45862102508545	0.35312778	Yes	
row_22	ITGAV	176	10.693682670593262	0.36387694	Yes	
row_23	PDLIM4	177	10.690252304077148	0.37657332	Yes	
row_24	TNC	179	10.65851879119873	0.38916472	Yes	
row_25	RHOB	239	9.843092918395996	0.39688513	Yes	
row_26	CDH2	252	9.67275619506836	0.40756562	Yes	
row_27	COMP	257	9.620141983032227	0.41872194	Yes	
row_28	ITGA2	261	9.565716743469238	0.4298809	Yes	
row_29	IGFBP4	270	9.450371742248535	0.44056645	Yes	
row_30	SLC6A8	287	9.31977653503418	0.4505586	Yes	
row_31	MGP	299	9.209440231323242	0.46075612	Yes	
row_32	TNFAIP3	309	9.056008338928223	0.47090602	Yes	
row_33	PTHLH	340	8.703655242919922	0.4792244	Yes	
row_34	COL12A1	341	8.702390670776367	0.4895599	Yes	
row_35	CAP2	381	8.37553596496582	0.49688303	Yes	
row_36	PRRX1	400	8.230607986450195	0.5054471	Yes	
row_37	CALU	402	8.22119140625	0.51514375	Yes	
row_38	ACTA2	413	8.119564056396484	0.5241142	Yes	
row_39	AREG	428	8.030618667602539	0.53270984	Yes	
row_40	LOX	432	8.005111694335938	0.5420153	Yes	
row_41	SCG2	460	7.851556777954102	0.5495236	Yes	
row_42	FAP	471	7.789610385894775	0.55810213	Yes	
row_43	CALD1	477	7.758223533630371	0.5669798	Yes	
row_44	FOXC2	479	7.724825382232666	0.576087	Yes	
row_45	SLIT3	508	7.6280517578125	0.5832625	Yes	
row_46	GLIPR1	510	7.610876560211182	0.5922344	Yes	
row_47	ITGB5	590	7.231847763061523	0.5955078	Yes	
row_48	SGCD	598	7.167105197906494	0.6035489	Yes	
row_49	ADAM12	606	7.124991416931152	0.6115399	Yes	
row_50	LOXL2	608	7.103192329406738	0.6199088	Yes	
row_51	LOXL1	616	7.077785491943359	0.6278438	Yes	
row_52	SNAI2	629	7.026021957397461	0.6353809	Yes	
row_53	VCAM1	644	6.955808162689209	0.6427	Yes	
row_54	GPC1	651	6.939626693725586	0.65053827	Yes	
row_55	TPM1	667	6.850687503814697	0.65766525	Yes	
row_56	SPARC	712	6.643681526184082	0.6625951	Yes	
row_57	NT5E	757	6.4264984130859375	0.667267	Yes	
row_58	TGFBI	779	6.3267388343811035	0.67336804	Yes	
row_59	PFN2	832	6.116422176361084	0.6771334	Yes	
row_60	CDH6	838	6.084835529327393	0.6840237	Yes	
row_61	DCN	843	6.08057165145874	0.6909762	Yes	
row_62	CRLF1	904	5.870891094207764	0.6939117	Yes	
row_63	SGCB	915	5.841668128967285	0.7001767	Yes	
row_64	BMP1	991	5.591848850250244	0.7017715	Yes	
row_65	GPX7	993	5.573495864868164	0.70832366	Yes	
row_66	MYLK	1084	5.289972305297852	0.70855063	Yes	
row_67	VCAN	1177	5.001574993133545	0.70830053	Yes	
row_68	GREM1	1218	4.904898166656494	0.7114344	Yes	
row_69	PLOD2	1233	4.867430686950684	0.7162733	Yes	
row_70	MMP3	1277	4.770314693450928	0.7190455	Yes	
row_71	ITGB3	1343	4.583795547485352	0.7201159	Yes	
row_72	SPP1	1345	4.578334808349609	0.72548616	Yes	
row_73	RGS4	1360	4.528322219848633	0.72992224	Yes	
row_74	ITGB1	1503	4.247236251831055	0.72541195	Yes	
row_75	MMP14	1562	4.121053695678711	0.7264038	Yes	
row_76	APLP1	1602	4.03646993637085	0.7285736	Yes	
row_77	FLNA	1609	4.014061450958252	0.7329372	Yes	
row_78	SERPINE2	1645	3.945253610610962	0.7352678	Yes	
row_79	LAMA1	1711	3.8397481441497803	0.7354546	Yes	
row_80	COL4A1	1833	3.625730037689209	0.7316192	No	
row_81	OXTR	1992	3.3547494411468506	0.7249723	No	
row_82	CDH11	2070	3.255995750427246	0.7236583	No	
row_83	FAS	2083	3.235319137573242	0.72669333	No	
row_84	TFPI2	2261	3.0166587829589844	0.71836656	No	
row_85	PCOLCE	2312	2.965083360671997	0.7185238	No	
row_86	COL8A2	2344	2.924711227416992	0.71991146	No	
row_87	FBN2	2379	2.8802361488342285	0.72104454	No	
row_88	THBS1	2433	2.812100887298584	0.72081816	No	
row_89	SFRP1	2515	2.7126126289367676	0.7185897	No	
row_90	NNMT	2553	2.6708385944366455	0.7192722	No	
row_91	CXCL8	2607	2.6149280071258545	0.7188117	No	
row_92	CXCL6	2671	2.543247699737549	0.7175932	No	
row_93	GADD45B	2804	2.41191029548645	0.71157604	No	
row_94	P3H1	2935	2.2833847999572754	0.7055408	No	
row_95	COL4A2	3042	2.1698989868164062	0.70098555	No	
row_96	NOTCH2	3060	2.1416172981262207	0.70238525	No	
row_97	NID2	3365	1.8903768062591553	0.6841755	No	
row_98	WIPF1	3782	1.6007555723190308	0.6580858	No	
row_99	MFAP5	3810	1.5864025354385376	0.6581532	No	
row_100	DST	3859	1.563036561012268	0.6567798	No	
row_101	CXCL1	3969	1.503473162651062	0.6512313	No	
row_102	JUN	4071	1.4408892393112183	0.6461467	No	
row_103	EDIL3	4489	1.2238374948501587	0.6195421	No	
row_104	IL6	4540	1.1973789930343628	0.6175999	No	
row_105	NTM	4570	1.1807796955108643	0.617051	No	
row_106	GJA1	4683	1.1193515062332153	0.6108444	No	
row_107	COPA	4719	1.0964425802230835	0.6097916	No	
row_108	GAS1	4725	1.0913395881652832	0.61075133	No	
row_109	BASP1	5524	0.7009264230728149	0.55788976	No	
row_110	PLAUR	5683	0.6283977627754211	0.548005	No	
row_111	FGF2	5716	0.6118295788764954	0.54657847	No	
row_112	TIMP1	5750	0.5964401364326477	0.5450664	No	
row_113	INHBA	5803	0.5752876996994019	0.5422508	No	
row_114	SPOCK1	5830	0.5659635066986084	0.5411735	No	
row_115	LAMC1	6394	0.35856056213378906	0.50371754	No	
row_116	PLOD1	6520	0.31441253423690796	0.49568024	No	
row_117	FUCA1	6788	0.2317885160446167	0.47799024	No	
row_118	MAGEE1	6865	0.21084058284759521	0.47312695	No	
row_119	TGFB1	6907	0.19765499234199524	0.47060296	No	
row_120	COL5A3	6960	0.18377411365509033	0.46732238	No	
row_121	LAMC2	7143	0.13862350583076477	0.45524102	No	
row_122	DKK1	7290	0.10326624661684036	0.44553995	No	
row_123	ID2	7300	0.10183152556419373	0.44505534	No	
row_124	FERMT2	7369	0.08640701323747635	0.4405825	No	
row_125	PTX3	7407	0.07657190412282944	0.43818387	No	
row_126	PMP22	7420	0.07310879975557327	0.43746328	No	
row_127	ABI3BP	7830	-0.013581519946455956	0.40995955	No	
row_128	MSX1	7849	-0.01621207408607006	0.40876767	No	
row_129	PPIB	8182	-0.09092063456773758	0.3865368	No	
row_130	TIMP3	8352	-0.12655583024024963	0.37531585	No	
row_131	EMP3	8394	-0.13698652386665344	0.37271982	No	
row_132	SDC1	8480	-0.15874677896499634	0.36718905	No	
row_133	CD44	8650	-0.20414988696575165	0.35606024	No	
row_134	CD59	8695	-0.21722280979156494	0.35335764	No	
row_135	FBLN5	9147	-0.35293087363243103	0.32343096	No	
row_136	TNFRSF12A	9323	-0.409158319234848	0.31214193	No	
row_137	VEGFA	9386	-0.42831265926361084	0.3084789	No	
row_138	FSTL3	9535	-0.48777058720588684	0.29909992	No	
row_139	IL15	9590	-0.5081735849380493	0.29607	No	
row_140	TNFRSF11B	10096	-0.7077028751373291	0.26293126	No	
row_141	PLOD3	10108	-0.7119316458702087	0.26303664	No	
row_142	MCM7	10305	-0.8030349612236023	0.25080237	No	
row_143	SLIT2	10938	-1.1605244874954224	0.20965612	No	
row_144	COLGALT1	10987	-1.1833604574203491	0.20783184	No	
row_145	PCOLCE2	11277	-1.3757120370864868	0.19002014	No	
row_146	TGFBR3	11512	-1.538303256034851	0.17610228	No	
row_147	MATN3	11794	-1.7834924459457397	0.15931317	No	
row_148	SDC4	12486	-2.4926624298095703	0.1157792	No	
row_149	ENO2	12879	-2.983280897140503	0.09294632	No	
row_150	LAMA3	13171	-3.373755693435669	0.07737306	No	
row_151	VEGFC	13547	-4.056468486785889	0.056958627	No	
row_152	BDNF	14042	-5.474411487579346	0.030221228	No	
row_153	CADM1	14216	-6.106431007385254	0.025833163	No	
row_154	SNTB1	14251	-6.232765197753906	0.030947855	No	
row_155	SGCG	14301	-6.418215274810791	0.03527351	No	
row_156	FZD8	14802	-10.86410903930664	0.014533525	No	
